label,family,num_vertices,num_edges,density,average_degree,max_degree,num_connected_components,clustering_coefficient,diameter,original_gate_count,routed_gate_count,inserted_swap_count,original_two_qubit_gate_count,final_two_qubit_gate_count,original_depth,routed_depth,depth_overhead,gate_overhead,estimated_extra_cx,routing_runtime
path-0,path,8,7,0.25,1.75,2,1,0.0,7,21,29,8,21,29,7,14,7,8,24,0.0007045169999955192
cycle-0,cycle,8,8,0.2857142857142857,2.0,2,1,0.0,4,24,32,8,24,32,8,14,6,8,24,0.0005489240000002837
star-0,star,8,7,0.25,1.75,7,1,0.0,2,21,48,27,21,48,21,36,15,27,81,0.0009447490000056291
random_p0.15-0,random_p0.15,8,1,0.03571428571428571,0.25,1,7,0.0,,3,5,2,3,5,3,5,2,2,6,8.002399999895715e-05
random_p0.25-0,random_p0.25,8,1,0.03571428571428571,0.25,1,7,0.0,,3,5,2,3,5,3,5,2,2,6,8.148499999549585e-05
random_p0.35-0,random_p0.35,8,6,0.21428571428571427,1.5,2,2,0.0,,18,24,6,18,24,9,13,4,6,18,0.00033712199999769155
random_p0.5-0,random_p0.5,8,11,0.39285714285714285,2.75,3,1,0.125,3,33,54,21,33,54,16,35,19,21,63,0.0009796259999959034
random_p0.7-0,random_p0.7,8,17,0.6071428571428571,4.25,6,1,0.5041666666666667,2,51,87,36,51,87,30,58,28,36,108,0.0021737359999960404
path-1,path,8,7,0.25,1.75,2,1,0.0,7,21,31,10,21,31,9,20,11,10,30,0.0004957499999989068
cycle-1,cycle,8,8,0.2857142857142857,2.0,2,1,0.0,4,24,37,13,24,37,9,18,9,13,39,0.0006613579999950048
star-1,star,8,7,0.25,1.75,7,1,0.0,2,21,40,19,21,40,21,35,14,19,57,0.0006916239999981144
random_p0.15-1,random_p0.15,8,7,0.25,1.75,4,1,0.0,4,21,34,13,21,34,13,23,10,13,39,0.0006099450000007778
random_p0.25-1,random_p0.25,8,10,0.35714285714285715,2.5,4,1,0.1875,3,30,51,21,30,51,14,29,15,21,63,0.001010804999999948
random_p0.35-1,random_p0.35,8,11,0.39285714285714285,2.75,4,1,0.3958333333333333,3,33,51,18,33,51,16,30,14,18,54,0.000987181999995812
random_p0.5-1,random_p0.5,8,17,0.6071428571428571,4.25,7,1,0.5803571428571428,2,51,96,45,51,96,29,60,31,45,135,0.0027217000000021585
random_p0.7-1,random_p0.7,8,19,0.6785714285714286,4.75,7,1,0.6547619047619048,2,57,109,52,57,109,31,61,30,52,156,0.002788729999998907
path-2,path,8,7,0.25,1.75,2,1,0.0,7,21,31,10,21,31,9,17,8,10,30,0.000499025999999958
cycle-2,cycle,8,8,0.2857142857142857,2.0,2,1,0.0,4,24,36,12,24,36,8,14,6,12,36,0.0006397929999977237
star-2,star,8,7,0.25,1.75,7,1,0.0,2,21,37,16,21,37,21,30,9,16,48,0.0005902280000000815
random_p0.15-2,random_p0.15,8,4,0.14285714285714285,1.0,3,4,0.0,,12,18,6,12,18,9,14,5,6,18,0.00023979600000245682
random_p0.25-2,random_p0.25,8,5,0.17857142857142858,1.25,3,3,0.0,,15,21,6,15,21,11,16,5,6,18,0.000276093000003641
random_p0.35-2,random_p0.35,8,8,0.2857142857142857,2.0,4,1,0.0,4,24,38,14,24,38,12,21,9,14,42,0.0005992290000023104
random_p0.5-2,random_p0.5,8,13,0.4642857142857143,3.25,6,1,0.4166666666666667,3,39,72,33,39,72,25,48,23,33,99,0.001617547999998692
random_p0.7-2,random_p0.7,8,20,0.7142857142857143,5.0,7,1,0.8380952380952381,2,60,108,48,60,108,34,75,41,48,144,0.0027213649999993095
path-3,path,8,7,0.25,1.75,2,1,0.0,7,21,32,11,21,32,9,19,10,11,33,0.0005192360000023655
cycle-3,cycle,8,8,0.2857142857142857,2.0,2,1,0.0,4,24,34,10,24,34,10,18,8,10,30,0.0005000819999949613
star-3,star,8,7,0.25,1.75,7,1,0.0,2,21,37,16,21,37,21,33,12,16,48,0.000609856000004072
random_p0.15-3,random_p0.15,8,4,0.14285714285714285,1.0,2,4,0.0,,12,17,5,12,17,8,12,4,5,15,0.00022302899999715464
random_p0.25-3,random_p0.25,8,7,0.25,1.75,3,1,0.0,5,21,30,9,21,30,9,15,6,9,27,0.00045331299999418206
random_p0.35-3,random_p0.35,8,9,0.32142857142857145,2.25,3,1,0.0,5,27,43,16,27,43,15,25,10,16,48,0.0007584519999994654
random_p0.5-3,random_p0.5,8,13,0.4642857142857143,3.25,4,1,0.25,3,39,64,25,39,64,21,39,18,25,75,0.0013323869999979365
random_p0.7-3,random_p0.7,8,21,0.75,5.25,7,1,0.8416666666666667,2,63,110,47,63,110,33,72,39,47,141,0.002786708000002136
path-4,path,8,7,0.25,1.75,2,1,0.0,7,21,35,14,21,35,9,21,12,14,42,0.0007210920000062515
cycle-4,cycle,8,8,0.2857142857142857,2.0,2,1,0.0,4,24,29,5,24,29,10,11,1,5,15,0.0004392989999999486
star-4,star,8,7,0.25,1.75,7,1,0.0,2,21,35,14,21,35,21,32,11,14,42,0.0005795130000052495
random_p0.15-4,random_p0.15,8,4,0.14285714285714285,1.0,2,4,0.0,,12,19,7,12,19,8,12,4,7,21,0.00027967700000175455
random_p0.25-4,random_p0.25,8,10,0.35714285714285715,2.5,4,1,0.20833333333333331,4,30,64,34,30,64,16,44,28,34,102,0.0014608809999998584
random_p0.35-4,random_p0.35,8,12,0.42857142857142855,3.0,4,1,0.3125,3,36,68,32,36,68,17,46,29,32,96,0.001567844000000207
random_p0.5-4,random_p0.5,8,14,0.5,3.5,6,1,0.5583333333333333,3,42,81,39,42,81,23,50,27,39,117,0.0018866009999953803
random_p0.7-4,random_p0.7,8,18,0.6428571428571429,4.5,6,1,0.6875,2,54,92,38,54,92,27,51,24,38,114,0.0021383349999979373
path-5,path,8,7,0.25,1.75,2,1,0.0,7,21,24,3,21,24,9,12,3,3,9,0.00026665899999755993
cycle-5,cycle,8,8,0.2857142857142857,2.0,2,1,0.0,4,24,38,14,24,38,10,19,9,14,42,0.0006872270000002345
star-5,star,8,7,0.25,1.75,7,1,0.0,2,21,38,17,21,38,21,34,13,17,51,0.000643116999995641
random_p0.15-5,random_p0.15,8,6,0.21428571428571427,1.5,4,2,0.0,,18,29,11,18,29,12,20,8,11,33,0.0004617919999958531
random_p0.25-5,random_p0.25,8,9,0.32142857142857145,2.25,4,1,0.1875,4,27,51,24,27,51,15,27,12,24,72,0.001018723000001387
random_p0.35-5,random_p0.35,8,10,0.35714285714285715,2.5,4,1,0.10416666666666666,4,30,50,20,30,50,17,31,14,20,60,0.0010180290000008085
random_p0.5-5,random_p0.5,8,12,0.42857142857142855,3.0,5,1,0.23333333333333334,3,36,70,34,36,70,21,46,25,34,102,0.0014456099999975436
random_p0.7-5,random_p0.7,8,17,0.6071428571428571,4.25,6,1,0.7125,2,51,86,35,51,86,29,58,29,35,105,0.001839961999998252
