num_qubits,hardware_size,seed,router,original_gate_count,routed_gate_count,inserted_swap_count,original_two_qubit_gate_count,final_two_qubit_gate_count,original_depth,routed_depth,depth_overhead,gate_overhead,estimated_extra_cx,routing_runtime
4,4,0,naive,16,19,3,8,11,10,12,2,3,9,0.00031310600000011846
4,4,0,shortest_path,16,19,3,8,11,10,12,2,3,9,7.990900000010015e-05
4,4,0,greedy,16,19,3,8,11,10,15,5,3,9,0.000393084999998905
4,4,0,lookahead,16,18,2,8,10,10,12,2,2,6,0.0002539370000036456
4,4,1,naive,16,16,0,6,6,8,8,0,0,0,3.066899999737416e-05
4,4,1,shortest_path,16,16,0,6,6,8,8,0,0,0,3.115700000222432e-05
4,4,1,greedy,16,16,0,6,6,8,8,0,0,0,0.00010786800000062158
4,4,1,lookahead,16,16,0,6,6,8,8,0,0,0,0.00010409999999438924
4,4,2,naive,16,19,3,9,12,13,17,4,3,9,5.6176999997603616e-05
4,4,2,shortest_path,16,19,3,9,12,13,17,4,3,9,5.324800000039431e-05
4,4,2,greedy,16,20,4,9,13,13,16,3,4,12,0.00021972900000122308
4,4,2,lookahead,16,19,3,9,12,13,15,2,3,9,0.00023924700000321764
4,4,3,naive,16,18,2,8,10,9,11,2,2,6,4.605899999887697e-05
4,4,3,shortest_path,16,18,2,8,10,9,11,2,2,6,4.479800000467549e-05
4,4,3,greedy,16,19,3,8,11,9,11,2,3,9,0.00017524900000154275
4,4,3,lookahead,16,18,2,8,10,9,11,2,2,6,0.00017459799999386405
4,4,4,naive,16,21,5,12,17,13,17,4,5,15,6.074000000211299e-05
4,4,4,shortest_path,16,21,5,12,17,13,17,4,5,15,5.824100000495491e-05
4,4,4,greedy,16,20,4,12,16,13,15,2,4,12,0.00022579000000177984
4,4,4,lookahead,16,18,2,12,14,13,15,2,2,6,0.00020388600000131873
4,4,5,naive,16,21,5,9,14,11,15,4,5,15,5.950099999552094e-05
4,4,5,shortest_path,16,21,5,9,14,11,15,4,5,15,6.004699999806462e-05
4,4,5,greedy,16,18,2,9,11,11,13,2,2,6,0.00017651799999640616
4,4,5,lookahead,16,19,3,9,12,11,14,3,3,9,0.00026880399999384963
4,4,6,naive,16,16,0,6,6,8,8,0,0,0,2.689299999758532e-05
4,4,6,shortest_path,16,16,0,6,6,8,8,0,0,0,2.5954000001604527e-05
4,4,6,greedy,16,16,0,6,6,8,8,0,0,0,9.987100000330429e-05
4,4,6,lookahead,16,16,0,6,6,8,8,0,0,0,0.00010250000000411319
4,4,7,naive,16,18,2,9,11,10,13,3,2,6,4.5223000000760294e-05
4,4,7,shortest_path,16,18,2,9,11,10,13,3,2,6,4.3365000003348086e-05
4,4,7,greedy,16,19,3,9,12,10,15,5,3,9,0.00020629099999780465
4,4,7,lookahead,16,18,2,9,11,10,13,3,2,6,0.0002272840000046017
6,6,0,naive,24,34,10,13,23,12,19,7,10,30,0.00010866099999873313
6,6,0,shortest_path,24,32,8,13,21,12,16,4,8,24,8.337700000282666e-05
6,6,0,greedy,24,34,10,13,23,12,23,11,10,30,0.0004654370000025665
6,6,0,lookahead,24,30,6,13,19,12,20,8,6,18,0.0004617150000001402
6,6,1,naive,24,29,5,11,16,10,15,5,5,15,8.183099999570231e-05
6,6,1,shortest_path,24,30,6,11,17,10,15,5,6,18,0.00011086100000312626
6,6,1,greedy,24,28,4,11,15,10,15,5,4,12,0.00025938099999933684
6,6,1,lookahead,24,26,2,11,13,10,12,2,2,6,0.0002745580000009795
6,6,2,naive,24,31,7,12,19,10,16,6,7,21,8.488099999937049e-05
6,6,2,shortest_path,24,33,9,12,21,10,17,7,9,27,9.086100000388342e-05
6,6,2,greedy,24,32,8,12,20,10,21,11,8,24,0.0004963399999979856
6,6,2,lookahead,24,31,7,12,19,10,16,6,7,21,0.0005136819999975728
6,6,3,naive,24,33,9,9,18,10,19,9,9,27,0.00010984000000036076
6,6,3,shortest_path,24,29,5,9,14,10,13,3,5,15,6.379999999950314e-05
6,6,3,greedy,24,28,4,9,13,10,14,4,4,12,0.00025137200000102666
6,6,3,lookahead,24,27,3,9,12,10,13,3,3,9,0.0003386690000013459
6,6,4,naive,24,32,8,15,23,18,22,4,8,24,9.150900000065576e-05
6,6,4,shortest_path,24,32,8,15,23,18,22,4,8,24,8.952299999975821e-05
6,6,4,greedy,24,33,9,15,24,18,25,7,9,27,0.0005300700000034908
6,6,4,lookahead,24,33,9,15,24,18,23,5,9,27,0.0006579319999957534
6,6,5,naive,24,31,7,14,21,12,16,4,7,21,8.578399999947806e-05
6,6,5,shortest_path,24,33,9,14,23,12,16,4,9,27,8.707499999616175e-05
6,6,5,greedy,24,30,6,14,20,12,16,4,6,18,0.0003458519999952614
6,6,5,lookahead,24,31,7,14,21,12,18,6,7,21,0.0004595429999980638
6,6,6,naive,24,30,6,11,17,9,12,3,6,18,0.00010245700000410807
6,6,6,shortest_path,24,30,6,11,17,9,12,3,6,18,8.118799999579096e-05
6,6,6,greedy,24,32,8,11,19,9,15,6,8,24,0.0003456819999954064
6,6,6,lookahead,24,31,7,11,18,9,15,6,7,21,0.0004940409999960593
6,6,7,naive,24,30,6,13,19,11,14,3,6,18,7.732800000326279e-05
6,6,7,shortest_path,24,30,6,13,19,11,14,3,6,18,7.368699999688033e-05
6,6,7,greedy,24,31,7,13,20,11,19,8,7,21,0.0003958590000010531
6,6,7,lookahead,24,28,4,13,17,11,17,6,4,12,0.00040222499999487127
8,9,0,naive,32,47,15,16,31,10,24,14,15,45,0.00014511799999894492
8,9,0,shortest_path,32,48,16,16,32,10,26,16,16,48,0.0001237529999968956
8,9,0,greedy,32,42,10,16,26,10,20,10,10,30,0.0006626169999961462
8,9,0,lookahead,32,39,7,16,23,10,18,8,7,21,0.0008883849999961058
8,9,1,naive,32,44,12,13,25,10,21,11,12,36,0.00012592099999864104
8,9,1,shortest_path,32,45,13,13,26,10,20,10,13,39,0.0001169219999965776
8,9,1,greedy,32,39,7,13,20,10,16,6,7,21,0.0004605190000006587
8,9,1,lookahead,32,39,7,13,20,10,14,4,7,21,0.0007662480000050209
8,9,2,naive,32,46,14,12,26,12,24,12,14,42,0.00016902699999832294
8,9,2,shortest_path,32,43,11,12,23,12,18,6,11,33,0.00014803099999483038
8,9,2,greedy,32,46,14,12,26,12,22,10,14,42,0.0007771699999992165
8,9,2,lookahead,32,39,7,12,19,12,21,9,7,21,0.0009154219999985003
8,9,3,naive,32,53,21,19,40,11,27,16,21,63,0.00017654600000582832
8,9,3,shortest_path,32,47,15,19,34,11,21,10,15,45,0.00012622599999900785
8,9,3,greedy,32,46,14,19,33,11,25,14,14,42,0.0007820900000012898
8,9,3,lookahead,32,44,12,19,31,11,21,10,12,36,0.0011078940000004422
8,9,4,naive,32,51,19,21,40,13,28,15,19,57,0.00016349999999931697
8,9,4,shortest_path,32,49,17,21,38,13,24,11,17,51,0.0001588840000010805
8,9,4,greedy,32,50,18,21,39,13,30,17,18,54,0.0010871180000009417
8,9,4,lookahead,32,42,10,21,31,13,22,9,10,30,0.0009856829999961292
8,9,5,naive,32,49,17,23,40,12,27,15,17,51,0.00018396800000175517
8,9,5,shortest_path,32,53,21,23,44,12,32,20,21,63,0.00015012400000102843
8,9,5,greedy,32,46,14,23,37,12,22,10,14,42,0.0006964829999986932
8,9,5,lookahead,32,45,13,23,36,12,22,10,13,39,0.0011415799999952014
8,9,6,naive,32,52,20,18,38,13,30,17,20,60,0.00020513999999849375
8,9,6,shortest_path,32,49,17,18,35,13,25,12,17,51,0.00018792499999875645
8,9,6,greedy,32,45,13,18,31,13,25,12,13,39,0.0006069930000052182
8,9,6,lookahead,32,42,10,18,28,13,21,8,10,30,0.0009044930000001727
8,9,7,naive,32,46,14,14,28,12,21,9,14,42,0.0001363290000000461
8,9,7,shortest_path,32,41,9,14,23,12,17,5,9,27,9.345600000187915e-05
8,9,7,greedy,32,46,14,14,28,12,20,8,14,42,0.0005920679999960043
8,9,7,lookahead,32,39,7,14,21,12,15,3,7,21,0.0007288439999939555
10,12,0,naive,40,63,23,21,44,13,33,20,23,69,0.00021671300000036808
10,12,0,shortest_path,40,59,19,21,40,13,26,13,19,57,0.00016091500000214864
10,12,0,greedy,40,58,18,21,39,13,25,12,18,54,0.0009215780000033647
10,12,0,lookahead,40,54,14,21,35,13,23,10,14,42,0.0014142879999994307
10,12,1,naive,40,61,21,17,38,10,24,14,21,63,0.00018931500000007873
10,12,1,shortest_path,40,58,18,17,35,10,19,9,18,54,0.0001623699999981909
10,12,1,greedy,40,54,14,17,31,10,16,6,14,42,0.0010982820000009497
10,12,1,lookahead,40,50,10,17,27,10,16,6,10,30,0.0012271969999986254
10,12,2,naive,40,58,18,15,33,12,29,17,18,54,0.00018649899999445552
10,12,2,shortest_path,40,59,19,15,34,12,24,12,19,57,0.00015518200000030902
10,12,2,greedy,40,61,21,15,36,12,25,13,21,63,0.0010439619999971228
10,12,2,lookahead,40,50,10,15,25,12,17,5,10,30,0.0010352620000020352
10,12,3,naive,40,58,18,16,34,12,24,12,18,54,0.00017051500000064834
10,12,3,shortest_path,40,58,18,16,34,12,20,8,18,54,0.00015323999999594662
10,12,3,greedy,40,60,20,16,36,12,23,11,20,60,0.0009392070000018293
10,12,3,lookahead,40,53,13,16,29,12,20,8,13,39,0.0013074350000010782
10,12,4,naive,40,65,25,25,50,19,41,22,25,75,0.00021996600000306898
10,12,4,shortest_path,40,60,20,25,45,19,34,15,20,60,0.00016422800000270854
10,12,4,greedy,40,74,34,25,59,19,43,24,34,102,0.0015203309999947123
10,12,4,lookahead,40,60,20,25,45,19,28,9,20,60,0.0017549140000028274
10,12,5,naive,40,80,40,25,65,16,48,32,40,120,0.00034465999999611086
10,12,5,shortest_path,40,71,31,25,56,16,34,18,31,93,0.00022801400000105332
10,12,5,greedy,40,69,29,25,54,16,32,16,29,87,0.001629497999999785
10,12,5,lookahead,40,59,19,25,44,16,30,14,19,57,0.0022317009999994752
10,12,6,naive,40,57,17,20,37,15,25,10,17,51,0.00016606900000226688
10,12,6,shortest_path,40,61,21,20,41,15,30,15,21,63,0.00016229599999917355
10,12,6,greedy,40,58,18,20,38,15,31,16,18,54,0.0009853950000007217
10,12,6,lookahead,40,53,13,20,33,15,27,12,13,39,0.0014378389999976093
10,12,7,naive,40,59,19,16,35,10,27,17,19,57,0.00018348799999756693
10,12,7,shortest_path,40,61,21,16,37,10,26,16,21,63,0.0001642000000003918
10,12,7,greedy,40,55,15,16,31,10,24,14,15,45,0.0009528369999998176
10,12,7,lookahead,40,51,11,16,27,10,19,9,11,33,0.00130425700000103
12,12,0,naive,48,73,25,22,47,16,37,21,25,75,0.0002973670000017137
12,12,0,shortest_path,48,73,25,22,47,16,27,11,25,75,0.00019182199999789873
12,12,0,greedy,48,69,21,22,43,16,28,12,21,63,0.001722508000000289
12,12,0,lookahead,48,68,20,22,42,16,29,13,20,60,0.002301140000000146
12,12,1,naive,48,84,36,26,62,16,37,21,36,108,0.00029597300000006044
12,12,1,shortest_path,48,93,45,26,71,16,37,21,45,135,0.00030444200000090405
12,12,1,greedy,48,81,33,26,59,16,33,17,33,99,0.0018389459999994529
12,12,1,lookahead,48,69,21,26,47,16,30,14,21,63,0.002498327000004963
12,12,2,naive,48,78,30,22,52,15,38,23,30,90,0.00026537800000170364
12,12,2,shortest_path,48,76,28,22,50,15,28,13,28,84,0.00024417400000231737
12,12,2,greedy,48,75,27,22,49,15,31,16,27,81,0.0018462379999988343
12,12,2,lookahead,48,70,22,22,44,15,29,14,22,66,0.0024723339999965788
12,12,3,naive,48,82,34,20,54,14,43,29,34,102,0.00031679099999593063
12,12,3,shortest_path,48,76,28,20,48,14,28,14,28,84,0.00020852600000154098
12,12,3,greedy,48,73,25,20,45,14,27,13,25,75,0.0014659270000052516
12,12,3,lookahead,48,68,20,20,40,14,25,11,20,60,0.0019767599999980234
12,12,4,naive,48,82,34,29,63,19,38,19,34,102,0.0002774009999981786
12,12,4,shortest_path,48,80,32,29,61,19,34,15,32,96,0.0002528059999988841
12,12,4,greedy,48,84,36,29,65,19,39,20,36,108,0.0023454299999983164
12,12,4,lookahead,48,66,18,29,47,19,29,10,18,54,0.0022538709999935236
12,12,5,naive,48,82,34,30,64,15,38,23,34,102,0.00027914799999706474
12,12,5,shortest_path,48,82,34,30,64,15,30,15,34,102,0.00023154000000147335
12,12,5,greedy,48,74,26,30,56,15,33,18,26,78,0.0015099860000020726
12,12,5,lookahead,48,69,21,30,51,15,27,12,21,63,0.0022805099999985146
12,12,6,naive,48,70,22,21,43,11,28,17,22,66,0.00020012200000252278
12,12,6,shortest_path,48,75,27,21,48,11,23,12,27,81,0.0002771299999935195
12,12,6,greedy,48,64,16,21,37,11,23,12,16,48,0.0013641139999975849
12,12,6,lookahead,48,59,11,21,32,11,20,9,11,33,0.0019026299999964635
12,12,7,naive,48,75,27,24,51,15,29,14,27,81,0.00023262000000556782
12,12,7,shortest_path,48,86,38,24,62,15,31,16,38,114,0.0002549260000037634
12,12,7,greedy,48,72,24,24,48,15,33,18,24,72,0.0014699990000011098
12,12,7,lookahead,48,67,19,24,43,15,27,12,19,57,0.0021999790000037933
