hardware,seed,router,num_qubits,num_gates,original_gate_count,routed_gate_count,inserted_swap_count,original_two_qubit_gate_count,final_two_qubit_gate_count,original_depth,routed_depth,depth_overhead,gate_overhead,estimated_extra_cx,routing_runtime
line,0,naive,6,25,25,41,16,13,29,13,26,13,16,48,0.0008018319999933965
line,0,shortest_path,6,25,25,37,12,13,25,13,19,6,12,36,0.0001214159999989306
line,0,greedy,6,25,25,35,10,13,23,13,20,7,10,30,0.0006854789999977129
line,0,lookahead,6,25,25,37,12,13,25,13,22,9,12,36,0.0007731249999949341
line,1,naive,6,25,25,41,16,12,28,10,22,12,16,48,0.0001429729999955498
line,1,shortest_path,6,25,25,41,16,12,28,10,20,10,16,48,0.0001229230000063808
line,1,greedy,6,25,25,38,13,12,25,10,22,12,13,39,0.00043767700000785226
line,1,lookahead,6,25,25,35,10,12,22,10,16,6,10,30,0.0005970999999931337
line,2,naive,6,25,25,33,8,12,20,11,17,6,8,24,9.196300000269275e-05
line,2,shortest_path,6,25,25,43,18,12,30,11,23,12,18,54,0.00015351599999746668
line,2,greedy,6,25,25,33,8,12,20,11,15,4,8,24,0.0003543250000035414
line,2,lookahead,6,25,25,33,8,12,20,11,15,4,8,24,0.0005609289999881639
line,3,naive,6,25,25,46,21,10,31,11,30,19,21,63,0.0001832929999920907
line,3,shortest_path,6,25,25,35,10,10,20,11,20,9,10,30,8.399499999711679e-05
line,3,greedy,6,25,25,34,9,10,19,11,18,7,9,27,0.00038994999999886204
line,3,lookahead,6,25,25,33,8,10,18,11,18,7,8,24,0.0004291410000121232
line,4,naive,6,25,25,56,31,16,47,19,44,25,31,93,0.00022838399999614012
line,4,shortest_path,6,25,25,48,23,16,39,19,31,12,23,69,0.00014159500000232583
line,4,greedy,6,25,25,46,21,16,37,19,29,10,21,63,0.0007431940000088844
line,4,lookahead,6,25,25,41,16,16,32,19,30,11,16,48,0.0008663530000063702
line,5,naive,6,25,25,39,14,15,29,12,23,11,14,42,0.00012445299999797044
line,5,shortest_path,6,25,25,44,19,15,34,12,26,14,19,57,0.00012961800000255153
line,5,greedy,6,25,25,39,14,15,29,12,25,13,14,42,0.00045692199999791683
line,5,lookahead,6,25,25,38,13,15,28,12,21,9,13,39,0.0006773500000036847
line,6,naive,6,25,25,43,18,12,30,10,29,19,18,54,0.0001499019999897655
line,6,shortest_path,6,25,25,39,14,12,26,10,21,11,14,42,0.00010808400000428264
line,6,greedy,6,25,25,40,15,12,27,10,24,14,15,45,0.0004788749999988795
line,6,lookahead,6,25,25,38,13,12,25,10,20,10,13,39,0.0007249660000070435
line,7,naive,6,25,25,36,11,13,24,12,23,11,11,33,0.00012961900000618698
line,7,shortest_path,6,25,25,42,17,13,30,12,24,12,17,51,0.00012385899999856065
line,7,greedy,6,25,25,38,13,13,26,12,19,7,13,39,0.0004618129999869325
line,7,lookahead,6,25,25,34,9,13,22,12,17,5,9,27,0.0005585539999941602
line,8,naive,6,25,25,39,14,16,30,16,26,10,14,42,0.0001247060000082456
line,8,shortest_path,6,25,25,43,18,16,34,16,29,13,18,54,0.0001281990000023825
line,8,greedy,6,25,25,36,11,16,27,16,27,11,11,33,0.0004118720000008125
line,8,lookahead,6,25,25,36,11,16,27,16,27,11,11,33,0.0006302500000003874
line,9,naive,6,25,25,52,27,16,43,13,40,27,27,81,0.0001918350000096325
line,9,shortest_path,6,25,25,47,22,16,38,13,29,16,22,66,0.0001456119999971861
line,9,greedy,6,25,25,50,25,16,41,13,32,19,25,75,0.000799501999992458
line,9,lookahead,6,25,25,45,20,16,36,13,32,19,20,60,0.000905207000002406
line,10,naive,6,25,25,55,30,16,46,13,38,25,30,90,0.0002124149999929159
line,10,shortest_path,6,25,25,46,21,16,37,13,25,12,21,63,0.0001258320000090407
line,10,greedy,6,25,25,45,20,16,36,13,27,14,20,60,0.0005668379999974604
line,10,lookahead,6,25,25,40,15,16,31,13,23,10,15,45,0.0007394960000084438
line,11,naive,6,25,25,44,19,16,35,10,28,18,19,57,0.00015020200000037676
line,11,shortest_path,6,25,25,48,23,16,39,10,25,15,23,69,0.0001851250000015625
line,11,greedy,6,25,25,44,19,16,35,10,28,18,19,57,0.0005989029999966533
line,11,lookahead,6,25,25,41,16,16,32,10,26,16,16,48,0.0007530980000041154
line,12,naive,6,25,25,45,20,16,36,11,27,16,20,60,0.00015580000000170457
line,12,shortest_path,6,25,25,45,20,16,36,11,24,13,20,60,0.000130538999997043
line,12,greedy,6,25,25,36,11,16,27,11,20,9,11,33,0.0004588250000097105
line,12,lookahead,6,25,25,34,9,16,25,11,19,8,9,27,0.0004980209999985163
line,13,naive,6,25,25,45,20,12,32,13,31,18,20,60,0.00018338699999276287
line,13,shortest_path,6,25,25,43,18,12,30,13,26,13,18,54,0.00012361800000348921
line,13,greedy,6,25,25,37,12,12,24,13,22,9,12,36,0.0004503720000030853
line,13,lookahead,6,25,25,39,14,12,26,13,25,12,14,42,0.0006666620000004286
line,14,naive,6,25,25,49,24,16,40,16,26,10,24,72,0.0002071010000008755
line,14,shortest_path,6,25,25,44,19,16,35,16,23,7,19,57,0.0001583220000043184
line,14,greedy,6,25,25,37,12,16,28,16,26,10,12,36,0.000537006999991263
line,14,lookahead,6,25,25,34,9,16,25,16,22,6,9,27,0.000513425000008283
line,15,naive,6,25,25,36,11,16,27,14,23,9,11,33,0.00010897599999282193
line,15,shortest_path,6,25,25,36,11,16,27,14,23,9,11,33,9.716300000661704e-05
line,15,greedy,6,25,25,37,12,16,28,14,23,9,12,36,0.0003878150000105052
line,15,lookahead,6,25,25,37,12,16,28,14,22,8,12,36,0.0005753330000004553
line,16,naive,6,25,25,45,20,16,36,18,30,12,20,60,0.00016006100000254264
line,16,shortest_path,6,25,25,43,18,16,34,18,27,9,18,54,0.00012438800000325045
line,16,greedy,6,25,25,42,17,16,33,18,26,8,17,51,0.0005736820000095122
line,16,lookahead,6,25,25,37,12,16,28,18,28,10,12,36,0.0006434120000022858
line,17,naive,6,25,25,38,13,11,24,13,22,9,13,39,0.00014322399999855406
line,17,shortest_path,6,25,25,33,8,11,19,13,17,4,8,24,7.72269999913533e-05
line,17,greedy,6,25,25,38,13,11,24,13,24,11,13,39,0.0003966029999986631
line,17,lookahead,6,25,25,34,9,11,20,13,19,6,9,27,0.0004782809999994697
line,18,naive,6,25,25,39,14,17,31,15,29,14,14,42,0.00011590599999067308
line,18,shortest_path,6,25,25,42,17,17,34,15,29,14,17,51,0.00012102499999855354
line,18,greedy,6,25,25,60,35,17,52,15,34,19,35,105,0.0010347209999963525
line,18,lookahead,6,25,25,44,19,17,36,15,34,19,19,57,0.0008746040000033872
line,19,naive,6,25,25,50,25,15,40,12,36,24,25,75,0.0001799540000035904
line,19,shortest_path,6,25,25,42,17,15,32,12,24,12,17,51,0.00011426100000733186
line,19,greedy,6,25,25,41,16,15,31,12,30,18,16,48,0.0005545030000035922
line,19,lookahead,6,25,25,41,16,15,31,12,25,13,16,48,0.0007587789999945471
grid,0,naive,6,25,25,32,7,13,20,13,18,5,7,21,0.00010451100000352653
grid,0,shortest_path,6,25,25,28,3,13,16,13,15,2,3,9,5.958799999916664e-05
grid,0,greedy,6,25,25,30,5,13,18,13,19,6,5,15,0.0003490429999999378
grid,0,lookahead,6,25,25,30,5,13,18,13,19,6,5,15,0.0004467379999937293
grid,1,naive,6,25,25,34,9,12,21,10,16,6,9,27,9.897600000385864e-05
grid,1,shortest_path,6,25,25,34,9,12,21,10,16,6,9,27,9.310999999456726e-05
grid,1,greedy,6,25,25,31,6,12,18,10,16,6,6,18,0.00033969699998692704
grid,1,lookahead,6,25,25,30,5,12,17,10,13,3,5,15,0.00045585099999811973
grid,2,naive,6,25,25,32,7,12,19,11,15,4,7,21,8.815799999695173e-05
grid,2,shortest_path,6,25,25,32,7,12,19,11,14,3,7,21,9.485100000006241e-05
grid,2,greedy,6,25,25,33,8,12,20,11,20,9,8,24,0.0004062259999955131
grid,2,lookahead,6,25,25,31,6,12,18,11,15,4,6,18,0.00047592599999290996
grid,3,naive,6,25,25,28,3,10,13,11,13,2,3,9,6.417299999839088e-05
grid,3,shortest_path,6,25,25,28,3,10,13,11,13,2,3,9,5.8418999998366417e-05
grid,3,greedy,6,25,25,27,2,10,12,11,13,2,2,6,0.00019705100000066977
grid,3,lookahead,6,25,25,27,2,10,12,11,13,2,2,6,0.0002376110000028575
grid,4,naive,6,25,25,37,12,16,28,19,29,10,12,36,0.00011480899999583016
grid,4,shortest_path,6,25,25,39,14,16,30,19,28,9,14,42,0.00010804599999403308
grid,4,greedy,6,25,25,31,6,16,22,19,23,4,6,18,0.0004486999999926411
grid,4,lookahead,6,25,25,31,6,16,22,19,26,7,6,18,0.0004900160000005371
grid,5,naive,6,25,25,35,10,15,25,12,18,6,10,30,9.608499999558262e-05
grid,5,shortest_path,6,25,25,36,11,15,26,12,20,8,11,33,9.776199999578239e-05
grid,5,greedy,6,25,25,33,8,15,23,12,19,7,8,24,0.0003913620000020046
grid,5,lookahead,6,25,25,33,8,15,23,12,22,10,8,24,0.0006078489999907788
grid,6,naive,6,25,25,33,8,12,20,10,18,8,8,24,8.96229999938214e-05
grid,6,shortest_path,6,25,25,34,9,12,21,10,18,8,9,27,8.690299999614126e-05
grid,6,greedy,6,25,25,34,9,12,21,10,17,7,9,27,0.00036695099998951264
grid,6,lookahead,6,25,25,32,7,12,19,10,17,7,7,21,0.00045443599999828166
grid,7,naive,6,25,25,33,8,13,21,12,19,7,8,24,8.821599999464524e-05
grid,7,shortest_path,6,25,25,31,6,13,19,12,17,5,6,18,7.513999999275711e-05
grid,7,greedy,6,25,25,33,8,13,21,12,17,5,8,24,0.00037750999999275336
grid,7,lookahead,6,25,25,31,6,13,19,12,17,5,6,18,0.0004829929999914384
grid,8,naive,6,25,25,36,11,16,27,16,25,9,11,33,0.00010721200000318731
grid,8,shortest_path,6,25,25,40,15,16,31,16,26,10,15,45,0.00011793400000215115
grid,8,greedy,6,25,25,34,9,16,25,16,28,12,9,27,0.0004299440000039567
grid,8,lookahead,6,25,25,31,6,16,22,16,23,7,6,18,0.0004856609999990269
grid,9,naive,6,25,25,37,12,16,28,13,26,13,12,36,0.00011486399999682817
grid,9,shortest_path,6,25,25,37,12,16,28,13,23,10,12,36,9.571600000413127e-05
grid,9,greedy,6,25,25,35,10,16,26,13,21,8,10,30,0.0005572919999963233
grid,9,lookahead,6,25,25,34,9,16,25,13,20,7,9,27,0.0006636770000056913
grid,10,naive,6,25,25,35,10,16,26,13,22,9,10,30,0.00010767199999861532
grid,10,shortest_path,6,25,25,36,11,16,27,13,23,10,11,33,0.00010794199999963894
grid,10,greedy,6,25,25,32,7,16,23,13,19,6,7,21,0.0003584600000010596
grid,10,lookahead,6,25,25,31,6,16,22,13,18,5,6,18,0.00040252300000531704
grid,11,naive,6,25,25,36,11,16,27,10,22,12,11,33,0.00010538300000462186
grid,11,shortest_path,6,25,25,39,14,16,30,10,19,9,14,42,0.00011392800000464831
grid,11,greedy,6,25,25,37,12,16,28,10,20,10,12,36,0.0004814440000018294
grid,11,lookahead,6,25,25,33,8,16,24,10,17,7,8,24,0.0005519080000055965
grid,12,naive,6,25,25,32,7,16,23,11,18,7,7,21,0.00010278499999571977
grid,12,shortest_path,6,25,25,32,7,16,23,11,18,7,7,21,8.440999999947962e-05
grid,12,greedy,6,25,25,33,8,16,24,11,17,6,8,24,0.0003608869999993658
grid,12,lookahead,6,25,25,32,7,16,23,11,16,5,7,21,0.0005113039999997682
grid,13,naive,6,25,25,34,9,12,21,13,23,10,9,27,9.619799999427414e-05
grid,13,shortest_path,6,25,25,33,8,12,20,13,21,8,8,24,8.255599999529295e-05
grid,13,greedy,6,25,25,31,6,12,18,13,16,3,6,18,0.0003325039999992896
grid,13,lookahead,6,25,25,29,4,12,16,13,16,3,4,12,0.0003536170000018046
grid,14,naive,6,25,25,35,10,16,26,16,23,7,10,30,0.00010496699999862358
grid,14,shortest_path,6,25,25,35,10,16,26,16,21,5,10,30,0.00012757999999735148
grid,14,greedy,6,25,25,31,6,16,22,16,20,4,6,18,0.0003342529999912358
grid,14,lookahead,6,25,25,29,4,16,20,16,19,3,4,12,0.00036300000000721866
grid,15,naive,6,25,25,35,10,16,26,14,23,9,10,30,9.927500001083445e-05
grid,15,shortest_path,6,25,25,37,12,16,28,14,22,8,12,36,9.606099999359685e-05
grid,15,greedy,6,25,25,34,9,16,25,14,22,8,9,27,0.00039072699999564975
grid,15,lookahead,6,25,25,34,9,16,25,14,20,6,9,27,0.0005571890000055646
grid,16,naive,6,25,25,39,14,16,30,18,25,7,14,42,0.00012018000001035034
grid,16,shortest_path,6,25,25,33,8,16,24,18,21,3,8,24,8.957100000372975e-05
grid,16,greedy,6,25,25,36,11,16,27,18,27,9,11,33,0.0005252800000050684
grid,16,lookahead,6,25,25,33,8,16,24,18,25,7,8,24,0.0006270450000016581
grid,17,naive,6,25,25,30,5,11,16,13,18,5,5,15,7.360000000744549e-05
grid,17,shortest_path,6,25,25,30,5,11,16,13,16,3,5,15,6.781300000113788e-05
grid,17,greedy,6,25,25,30,5,11,16,13,17,4,5,15,0.0002466870000006338
grid,17,lookahead,6,25,25,28,3,11,14,13,14,1,3,9,0.0002867809999997917
grid,18,naive,6,25,25,40,15,17,32,15,32,17,15,45,0.00012503799999308285
grid,18,shortest_path,6,25,25,38,13,17,30,15,27,12,13,39,0.0001057810000020254
grid,18,greedy,6,25,25,36,11,17,28,15,23,8,11,33,0.0005146340000123928
grid,18,lookahead,6,25,25,33,8,17,25,15,24,9,8,24,0.0006073819999983243
grid,19,naive,6,25,25,38,13,15,28,12,22,10,13,39,0.0001122359999925493
grid,19,shortest_path,6,25,25,33,8,15,23,12,19,7,8,24,7.945499999095773e-05
grid,19,greedy,6,25,25,34,9,15,24,12,20,8,9,27,0.0004108969999947476
grid,19,lookahead,6,25,25,35,10,15,25,12,22,10,10,30,0.0006452249999995274
line_tiny,0,naive,4,8,8,12,4,4,8,5,10,5,4,12,5.108400000608526e-05
line_tiny,0,shortest_path,4,8,8,11,3,4,7,5,8,3,3,9,4.115900000556394e-05
line_tiny,0,greedy,4,8,8,10,2,4,6,5,7,2,2,6,9.597400000416201e-05
line_tiny,0,lookahead,4,8,8,10,2,4,6,5,7,2,2,6,0.00011655600000892719
line_tiny,0,astar,4,8,8,10,2,4,6,5,7,2,2,6,0.00016916900000296664
line_tiny,1,naive,4,8,8,11,3,4,7,4,6,2,3,9,4.131199999335422e-05
line_tiny,1,shortest_path,4,8,8,11,3,4,7,4,5,1,3,9,3.3511000012254044e-05
line_tiny,1,greedy,4,8,8,9,1,4,5,4,5,1,1,3,7.298799999944094e-05
line_tiny,1,lookahead,4,8,8,9,1,4,5,4,5,1,1,3,8.383099999775823e-05
line_tiny,1,astar,4,8,8,9,1,4,5,4,5,1,1,3,0.00011285099999724935
line_tiny,2,naive,4,8,8,10,2,4,6,5,7,2,2,6,3.44829999932017e-05
line_tiny,2,shortest_path,4,8,8,12,4,4,8,5,8,3,4,12,3.564899999730642e-05
line_tiny,2,greedy,4,8,8,10,2,4,6,5,6,1,2,6,8.669999999710853e-05
line_tiny,2,lookahead,4,8,8,10,2,4,6,5,6,1,2,6,0.00010011099999474027
line_tiny,2,astar,4,8,8,10,2,4,6,5,8,3,2,6,0.0001450840000103426
line_tiny,3,naive,4,8,8,10,2,3,5,4,6,2,2,6,3.355399999804831e-05
line_tiny,3,shortest_path,4,8,8,10,2,3,5,4,6,2,2,6,3.0748000000357933e-05
line_tiny,3,greedy,4,8,8,10,2,3,5,4,6,2,2,6,8.766100000912047e-05
line_tiny,3,lookahead,4,8,8,9,1,3,4,4,6,2,1,3,8.16430000014634e-05
line_tiny,3,astar,4,8,8,9,1,3,4,4,6,2,1,3,0.00010359399999515517
line_tiny,4,naive,4,8,8,10,2,6,8,7,9,2,2,6,3.6171999994394355e-05
line_tiny,4,shortest_path,4,8,8,10,2,6,8,7,9,2,2,6,3.227100000913197e-05
line_tiny,4,greedy,4,8,8,10,2,6,8,7,9,2,2,6,0.00010665400000675618
line_tiny,4,lookahead,4,8,8,10,2,6,8,7,9,2,2,6,0.0001221400000019912
line_tiny,4,astar,4,8,8,10,2,6,8,7,9,2,2,6,0.0001472470000010162
line_tiny,5,naive,4,8,8,11,3,3,6,6,8,2,3,9,3.842600000325547e-05
line_tiny,5,shortest_path,4,8,8,11,3,3,6,6,8,2,3,9,3.3035999990715936e-05
line_tiny,5,greedy,4,8,8,12,4,3,7,6,10,4,4,12,0.00011982300000568102
line_tiny,5,lookahead,4,8,8,11,3,3,6,6,9,3,3,9,0.00011933599999736089
line_tiny,5,astar,4,8,8,11,3,3,6,6,9,3,3,9,0.0002482849999978498
line_tiny,6,naive,4,8,8,9,1,4,5,4,6,2,1,3,2.6267999999163294e-05
line_tiny,6,shortest_path,4,8,8,9,1,4,5,4,6,2,1,3,2.4788000004605237e-05
line_tiny,6,greedy,4,8,8,9,1,4,5,4,6,2,1,3,6.78030000074159e-05
line_tiny,6,lookahead,4,8,8,9,1,4,5,4,6,2,1,3,9.289199999784614e-05
line_tiny,6,astar,4,8,8,9,1,4,5,4,6,2,1,3,8.37150000023712e-05
line_tiny,7,naive,4,8,8,13,5,6,11,7,11,4,5,15,4.8065999990853925e-05
line_tiny,7,shortest_path,4,8,8,13,5,6,11,7,11,4,5,15,4.7928000000752036e-05
line_tiny,7,greedy,4,8,8,11,3,6,9,7,10,3,3,9,0.0001130440000025601
line_tiny,7,lookahead,4,8,8,11,3,6,9,7,11,4,3,9,0.00013538700000026438
line_tiny,7,astar,4,8,8,11,3,6,9,7,10,3,3,9,0.000355744999993135
line_tiny,8,naive,4,8,8,12,4,5,9,5,10,5,4,12,8.025799999700212e-05
line_tiny,8,shortest_path,4,8,8,15,7,5,12,5,11,6,7,21,5.022300000234736e-05
line_tiny,8,greedy,4,8,8,12,4,5,9,5,9,4,4,12,0.00013392299999281931
line_tiny,8,lookahead,4,8,8,12,4,5,9,5,9,4,4,12,0.000150742000002424
line_tiny,8,astar,4,8,8,11,3,5,8,5,8,3,3,9,0.00025629799999649094
line_tiny,9,naive,4,8,8,10,2,4,6,7,9,2,2,6,3.316999999469772e-05
line_tiny,9,shortest_path,4,8,8,11,3,4,7,7,9,2,3,9,3.4757999998191735e-05
line_tiny,9,greedy,4,8,8,10,2,4,6,7,9,2,2,6,9.04160000061438e-05
line_tiny,9,lookahead,4,8,8,10,2,4,6,7,9,2,2,6,0.0001023739999936879
line_tiny,9,astar,4,8,8,10,2,4,6,7,9,2,2,6,0.00013946899998984463
